AudioID,DataID,AudioFile
1,76,https://robohash.org/omnisconsecteturvoluptate.png?size=50x50&set=set1
2,797,https://robohash.org/rerumexercitationemnecessitatibus.png?size=50x50&set=set1
3,111,https://robohash.org/suscipitrerumnon.png?size=50x50&set=set1
4,799,https://robohash.org/vitaesuntdebitis.png?size=50x50&set=set1
5,701,https://robohash.org/harumettenetur.png?size=50x50&set=set1
6,592,https://robohash.org/utquiqui.png?size=50x50&set=set1
7,635,https://robohash.org/nonquosreprehenderit.png?size=50x50&set=set1
8,616,https://robohash.org/atqueminusvelit.png?size=50x50&set=set1
9,801,https://robohash.org/quicupiditatequod.png?size=50x50&set=set1
10,214,https://robohash.org/minimaaccusantiumiure.png?size=50x50&set=set1
11,353,https://robohash.org/nemoidmagnam.png?size=50x50&set=set1
12,374,https://robohash.org/voluptatesreiciendisut.png?size=50x50&set=set1
13,748,https://robohash.org/velitundevoluptas.png?size=50x50&set=set1
14,192,https://robohash.org/voluptasnecessitatibusquis.png?size=50x50&set=set1
15,579,https://robohash.org/commodiexpeditaipsa.png?size=50x50&set=set1
16,429,https://robohash.org/velvoluptasaliquam.png?size=50x50&set=set1
17,746,https://robohash.org/nobisvoluptasquibusdam.png?size=50x50&set=set1
18,132,https://robohash.org/beataevoluptatemexcepturi.png?size=50x50&set=set1
19,136,https://robohash.org/deseruntlaborumconsequatur.png?size=50x50&set=set1
20,867,https://robohash.org/laborenihilsit.png?size=50x50&set=set1
21,421,https://robohash.org/doloreseosmagnam.png?size=50x50&set=set1
22,488,https://robohash.org/dignissimosassumendanulla.png?size=50x50&set=set1
23,93,https://robohash.org/mollitiaidnemo.png?size=50x50&set=set1
24,965,https://robohash.org/maioreseligendiet.png?size=50x50&set=set1
25,616,https://robohash.org/laborumfugiatrem.png?size=50x50&set=set1
26,698,https://robohash.org/quoteneturomnis.png?size=50x50&set=set1
27,845,https://robohash.org/nullaquicorporis.png?size=50x50&set=set1
28,408,https://robohash.org/fugiatdignissimosut.png?size=50x50&set=set1
29,688,https://robohash.org/velitdoloreporro.png?size=50x50&set=set1
30,806,https://robohash.org/facilismagnamrepellat.png?size=50x50&set=set1
31,516,https://robohash.org/blanditiiseaqueasperiores.png?size=50x50&set=set1
32,932,https://robohash.org/quianonminus.png?size=50x50&set=set1
33,276,https://robohash.org/quiperspiciatisminus.png?size=50x50&set=set1
34,705,https://robohash.org/similiqueoccaecatieveniet.png?size=50x50&set=set1
35,390,https://robohash.org/temporaquoet.png?size=50x50&set=set1
36,890,https://robohash.org/impeditaccusantiumassumenda.png?size=50x50&set=set1
37,437,https://robohash.org/nostrumquosest.png?size=50x50&set=set1
38,748,https://robohash.org/quisetcommodi.png?size=50x50&set=set1
39,744,https://robohash.org/liberoetquibusdam.png?size=50x50&set=set1
40,450,https://robohash.org/maximefaciliset.png?size=50x50&set=set1
41,500,https://robohash.org/pariaturvoluptatemminima.png?size=50x50&set=set1
42,790,https://robohash.org/fugiataccusantiummolestiae.png?size=50x50&set=set1
43,864,https://robohash.org/autemoccaecatidolor.png?size=50x50&set=set1
44,404,https://robohash.org/estdoloremamet.png?size=50x50&set=set1
45,472,https://robohash.org/inciduntetrerum.png?size=50x50&set=set1
46,178,https://robohash.org/possimusminussoluta.png?size=50x50&set=set1
47,971,https://robohash.org/dolorsitasperiores.png?size=50x50&set=set1
48,557,https://robohash.org/velitsintdistinctio.png?size=50x50&set=set1
49,95,https://robohash.org/quimagniodio.png?size=50x50&set=set1
50,256,https://robohash.org/eaquerepellatlabore.png?size=50x50&set=set1
51,858,https://robohash.org/etanimidignissimos.png?size=50x50&set=set1
52,738,https://robohash.org/perspiciatisfacereeius.png?size=50x50&set=set1
53,855,https://robohash.org/utquiaexpedita.png?size=50x50&set=set1
54,250,https://robohash.org/autoditsequi.png?size=50x50&set=set1
55,312,https://robohash.org/natuseumsimilique.png?size=50x50&set=set1
56,495,https://robohash.org/inaccusamusdolores.png?size=50x50&set=set1
57,55,https://robohash.org/officiaquisquamrepellendus.png?size=50x50&set=set1
58,325,https://robohash.org/corruptieumharum.png?size=50x50&set=set1
59,88,https://robohash.org/sedcorruptiquis.png?size=50x50&set=set1
60,909,https://robohash.org/facilisquaerateos.png?size=50x50&set=set1
61,406,https://robohash.org/autquoddicta.png?size=50x50&set=set1
62,172,https://robohash.org/quiaetcorrupti.png?size=50x50&set=set1
63,366,https://robohash.org/nondolorumpraesentium.png?size=50x50&set=set1
64,623,https://robohash.org/aspernaturvoluptaset.png?size=50x50&set=set1
65,745,https://robohash.org/quovoluptatemmagnam.png?size=50x50&set=set1
66,833,https://robohash.org/eiusducimusfacere.png?size=50x50&set=set1
67,993,https://robohash.org/porroprovidentpossimus.png?size=50x50&set=set1
68,886,https://robohash.org/facerecupiditatea.png?size=50x50&set=set1
69,142,https://robohash.org/voluptatemdeseruntpossimus.png?size=50x50&set=set1
70,695,https://robohash.org/evenietvoluptatemut.png?size=50x50&set=set1
71,639,https://robohash.org/doloremeaquedoloribus.png?size=50x50&set=set1
72,739,https://robohash.org/quiaestvoluptas.png?size=50x50&set=set1
73,924,https://robohash.org/voluptatemhicid.png?size=50x50&set=set1
74,533,https://robohash.org/placeatlaudantiumin.png?size=50x50&set=set1
75,925,https://robohash.org/aspernaturcumamet.png?size=50x50&set=set1
76,128,https://robohash.org/quisquiasuscipit.png?size=50x50&set=set1
77,230,https://robohash.org/inetdolor.png?size=50x50&set=set1
78,176,https://robohash.org/quodadipiscisint.png?size=50x50&set=set1
79,704,https://robohash.org/perspiciatistotamautem.png?size=50x50&set=set1
80,647,https://robohash.org/impeditevenietsunt.png?size=50x50&set=set1
81,719,https://robohash.org/numquamitaquefacilis.png?size=50x50&set=set1
82,546,https://robohash.org/sitplaceateligendi.png?size=50x50&set=set1
83,250,https://robohash.org/nonquiiure.png?size=50x50&set=set1
84,250,https://robohash.org/aetquas.png?size=50x50&set=set1
85,738,https://robohash.org/officiisvoluptatequi.png?size=50x50&set=set1
86,496,https://robohash.org/estveronesciunt.png?size=50x50&set=set1
87,680,https://robohash.org/quiasitpraesentium.png?size=50x50&set=set1
88,946,https://robohash.org/minimautodit.png?size=50x50&set=set1
89,849,https://robohash.org/inventoreremmaxime.png?size=50x50&set=set1
90,617,https://robohash.org/saepereiciendisnon.png?size=50x50&set=set1
91,514,https://robohash.org/repudiandaeipsumvoluptatem.png?size=50x50&set=set1
92,679,https://robohash.org/evenietveniamrerum.png?size=50x50&set=set1
93,512,https://robohash.org/nihilvelitipsam.png?size=50x50&set=set1
94,613,https://robohash.org/consequaturdoloresaspernatur.png?size=50x50&set=set1
95,974,https://robohash.org/voluptatemdoloret.png?size=50x50&set=set1
96,6,https://robohash.org/dolorestdolores.png?size=50x50&set=set1
97,237,https://robohash.org/harumofficiareprehenderit.png?size=50x50&set=set1
98,910,https://robohash.org/voluptatemquifugit.png?size=50x50&set=set1
99,829,https://robohash.org/autcorruptieius.png?size=50x50&set=set1
100,401,https://robohash.org/voluptasarchitectoculpa.png?size=50x50&set=set1
101,380,https://robohash.org/quomagnamfugiat.png?size=50x50&set=set1
102,629,https://robohash.org/delenitivelitquisquam.png?size=50x50&set=set1
103,198,https://robohash.org/ipsaexeveniet.png?size=50x50&set=set1
104,56,https://robohash.org/eosetea.png?size=50x50&set=set1
105,768,https://robohash.org/repellendusporromagni.png?size=50x50&set=set1
106,812,https://robohash.org/voluptatemutest.png?size=50x50&set=set1
107,344,https://robohash.org/laudantiumcupiditatefuga.png?size=50x50&set=set1
108,23,https://robohash.org/nihilreiciendiserror.png?size=50x50&set=set1
109,58,https://robohash.org/etdebitisnihil.png?size=50x50&set=set1
110,391,https://robohash.org/totaminet.png?size=50x50&set=set1
111,404,https://robohash.org/totamitaquequisquam.png?size=50x50&set=set1
112,847,https://robohash.org/quosexnihil.png?size=50x50&set=set1
113,6,https://robohash.org/providentquisrecusandae.png?size=50x50&set=set1
114,389,https://robohash.org/omniscumvoluptatibus.png?size=50x50&set=set1
115,835,https://robohash.org/eaqueeosullam.png?size=50x50&set=set1
116,499,https://robohash.org/deseruntquaerattenetur.png?size=50x50&set=set1
117,145,https://robohash.org/quiaenimquos.png?size=50x50&set=set1
118,738,https://robohash.org/autemsinttempora.png?size=50x50&set=set1
119,486,https://robohash.org/quismolestiasadipisci.png?size=50x50&set=set1
120,368,https://robohash.org/delectusinciduntautem.png?size=50x50&set=set1
121,511,https://robohash.org/repellataliquamnon.png?size=50x50&set=set1
122,789,https://robohash.org/quiavel.png?size=50x50&set=set1
123,925,https://robohash.org/sedeumquis.png?size=50x50&set=set1
124,760,https://robohash.org/quiaipsammaiores.png?size=50x50&set=set1
125,870,https://robohash.org/quibusdamquasiexcepturi.png?size=50x50&set=set1
126,223,https://robohash.org/enimaccusantiumquis.png?size=50x50&set=set1
127,553,https://robohash.org/minimarepellatiure.png?size=50x50&set=set1
128,173,https://robohash.org/dictaquitempora.png?size=50x50&set=set1
129,272,https://robohash.org/omnisetculpa.png?size=50x50&set=set1
130,206,https://robohash.org/minimafacilisquam.png?size=50x50&set=set1
131,777,https://robohash.org/rerumveritatisex.png?size=50x50&set=set1
132,39,https://robohash.org/placeatmollitiaomnis.png?size=50x50&set=set1
133,54,https://robohash.org/etestvoluptate.png?size=50x50&set=set1
134,328,https://robohash.org/quiutvero.png?size=50x50&set=set1
135,951,https://robohash.org/possimuscupiditateab.png?size=50x50&set=set1
136,234,https://robohash.org/temporibusoditnobis.png?size=50x50&set=set1
137,699,https://robohash.org/omnisreiciendisdicta.png?size=50x50&set=set1
138,433,https://robohash.org/maximeetporro.png?size=50x50&set=set1
139,354,https://robohash.org/natusquiconsequatur.png?size=50x50&set=set1
140,630,https://robohash.org/voluptatemundeprovident.png?size=50x50&set=set1
141,834,https://robohash.org/etmolestiaenostrum.png?size=50x50&set=set1
142,725,https://robohash.org/adlaboreeum.png?size=50x50&set=set1
143,121,https://robohash.org/temporeveritatisquos.png?size=50x50&set=set1
144,315,https://robohash.org/similiquevoluptatesed.png?size=50x50&set=set1
145,193,https://robohash.org/porronihilrepellendus.png?size=50x50&set=set1
146,549,https://robohash.org/quisestmolestiae.png?size=50x50&set=set1
147,727,https://robohash.org/estvoluptatumdeserunt.png?size=50x50&set=set1
148,904,https://robohash.org/repellatsitrem.png?size=50x50&set=set1
149,396,https://robohash.org/minimadoloromnis.png?size=50x50&set=set1
150,168,https://robohash.org/eaqueatquequi.png?size=50x50&set=set1
151,249,https://robohash.org/sitquaeratrem.png?size=50x50&set=set1
152,908,https://robohash.org/excepturinesciuntab.png?size=50x50&set=set1
153,235,https://robohash.org/beataeerrorut.png?size=50x50&set=set1
154,939,https://robohash.org/quaeofficiaquos.png?size=50x50&set=set1
155,308,https://robohash.org/voluptatedictaodit.png?size=50x50&set=set1
156,175,https://robohash.org/autconsequaturet.png?size=50x50&set=set1
157,645,https://robohash.org/fugiatcupiditateeos.png?size=50x50&set=set1
158,764,https://robohash.org/quiautnatus.png?size=50x50&set=set1
159,237,https://robohash.org/eosautenim.png?size=50x50&set=set1
160,593,https://robohash.org/mollitiasapientemolestias.png?size=50x50&set=set1
161,334,https://robohash.org/voluptatemrepellendusullam.png?size=50x50&set=set1
162,901,https://robohash.org/velreprehenderitsaepe.png?size=50x50&set=set1
163,122,https://robohash.org/quibusdamveritatisvoluptatem.png?size=50x50&set=set1
164,476,https://robohash.org/nullaautunde.png?size=50x50&set=set1
165,832,https://robohash.org/estquaedolores.png?size=50x50&set=set1
166,9,https://robohash.org/ipsaametdignissimos.png?size=50x50&set=set1
167,36,https://robohash.org/enimpossimusillum.png?size=50x50&set=set1
168,120,https://robohash.org/etfugiataperiam.png?size=50x50&set=set1
169,730,https://robohash.org/undeeiusimpedit.png?size=50x50&set=set1
170,421,https://robohash.org/idfugiatoptio.png?size=50x50&set=set1
171,243,https://robohash.org/consequaturomniset.png?size=50x50&set=set1
172,585,https://robohash.org/quiaquisinventore.png?size=50x50&set=set1
173,730,https://robohash.org/voluptatemmaximedeserunt.png?size=50x50&set=set1
174,437,https://robohash.org/nostrumasperiorespraesentium.png?size=50x50&set=set1
175,198,https://robohash.org/voluptatemquosut.png?size=50x50&set=set1
176,171,https://robohash.org/voluptatemconsequunturet.png?size=50x50&set=set1
177,512,https://robohash.org/quidoloresdolor.png?size=50x50&set=set1
178,339,https://robohash.org/dignissimosmolestiaerepellat.png?size=50x50&set=set1
179,959,https://robohash.org/illumvelautem.png?size=50x50&set=set1
180,944,https://robohash.org/accusantiumlaboredolores.png?size=50x50&set=set1
181,596,https://robohash.org/estabconsequatur.png?size=50x50&set=set1
182,657,https://robohash.org/beataenihilomnis.png?size=50x50&set=set1
183,947,https://robohash.org/autemnihilpraesentium.png?size=50x50&set=set1
184,727,https://robohash.org/uteosad.png?size=50x50&set=set1
185,235,https://robohash.org/verocumpariatur.png?size=50x50&set=set1
186,887,https://robohash.org/laborumnesciuntmaxime.png?size=50x50&set=set1
187,850,https://robohash.org/solutaipsumsaepe.png?size=50x50&set=set1
188,591,https://robohash.org/doloribusquivitae.png?size=50x50&set=set1
189,652,https://robohash.org/adquiculpa.png?size=50x50&set=set1
190,664,https://robohash.org/laborumnequeerror.png?size=50x50&set=set1
191,259,https://robohash.org/quinisisapiente.png?size=50x50&set=set1
192,44,https://robohash.org/etquaedolorum.png?size=50x50&set=set1
193,159,https://robohash.org/inrecusandaedolores.png?size=50x50&set=set1
194,351,https://robohash.org/voluptatesquaerataspernatur.png?size=50x50&set=set1
195,159,https://robohash.org/rationesaepesoluta.png?size=50x50&set=set1
196,675,https://robohash.org/numquamquosequi.png?size=50x50&set=set1
197,270,https://robohash.org/quiaquibusdampossimus.png?size=50x50&set=set1
198,787,https://robohash.org/velevenietet.png?size=50x50&set=set1
199,170,https://robohash.org/sintnequesunt.png?size=50x50&set=set1
200,306,https://robohash.org/esserecusandaeoccaecati.png?size=50x50&set=set1
201,322,https://robohash.org/essevelnostrum.png?size=50x50&set=set1
202,897,https://robohash.org/velrepellatomnis.png?size=50x50&set=set1
203,71,https://robohash.org/expeditatemporaqui.png?size=50x50&set=set1
204,629,https://robohash.org/ullamteneturcumque.png?size=50x50&set=set1
205,728,https://robohash.org/etsitqui.png?size=50x50&set=set1
206,948,https://robohash.org/aspernaturvoluptatemoptio.png?size=50x50&set=set1
207,139,https://robohash.org/temporanequeitaque.png?size=50x50&set=set1
208,621,https://robohash.org/sedquosapiente.png?size=50x50&set=set1
209,437,https://robohash.org/quosdeseruntdolor.png?size=50x50&set=set1
210,206,https://robohash.org/perspiciatismolestiaslaborum.png?size=50x50&set=set1
211,864,https://robohash.org/quasvoluptatibusaspernatur.png?size=50x50&set=set1
212,907,https://robohash.org/necessitatibustotamest.png?size=50x50&set=set1
213,989,https://robohash.org/quisquammaioresut.png?size=50x50&set=set1
214,650,https://robohash.org/earerumquaerat.png?size=50x50&set=set1
215,205,https://robohash.org/ettemporavoluptates.png?size=50x50&set=set1
216,309,https://robohash.org/quaeanihil.png?size=50x50&set=set1
217,237,https://robohash.org/auteavelit.png?size=50x50&set=set1
218,121,https://robohash.org/reiciendiseumdoloribus.png?size=50x50&set=set1
219,608,https://robohash.org/nisinemoquod.png?size=50x50&set=set1
220,462,https://robohash.org/etmolestiasmaiores.png?size=50x50&set=set1
221,804,https://robohash.org/nonametet.png?size=50x50&set=set1
222,679,https://robohash.org/dignissimosutdicta.png?size=50x50&set=set1
223,567,https://robohash.org/dictafugiatmolestias.png?size=50x50&set=set1
224,766,https://robohash.org/voluptatemvoluptatibusaperiam.png?size=50x50&set=set1
225,850,https://robohash.org/nonteneturreiciendis.png?size=50x50&set=set1
226,736,https://robohash.org/aperiamnatusqui.png?size=50x50&set=set1
227,654,https://robohash.org/sitquialiquid.png?size=50x50&set=set1
228,80,https://robohash.org/doloresauta.png?size=50x50&set=set1
229,829,https://robohash.org/necessitatibusestvitae.png?size=50x50&set=set1
230,451,https://robohash.org/sequirecusandaecum.png?size=50x50&set=set1
231,345,https://robohash.org/errorodionihil.png?size=50x50&set=set1
232,138,https://robohash.org/nequedoloresrepudiandae.png?size=50x50&set=set1
233,565,https://robohash.org/quietveniam.png?size=50x50&set=set1
234,679,https://robohash.org/quorerumdicta.png?size=50x50&set=set1
235,698,https://robohash.org/molestiaesedimpedit.png?size=50x50&set=set1
236,846,https://robohash.org/enimquibusdamsuscipit.png?size=50x50&set=set1
237,197,https://robohash.org/molestiaedolorrerum.png?size=50x50&set=set1
238,531,https://robohash.org/seddolorumeaque.png?size=50x50&set=set1
239,351,https://robohash.org/sedetdolor.png?size=50x50&set=set1
240,789,https://robohash.org/autnisidolorem.png?size=50x50&set=set1
241,466,https://robohash.org/animieosofficiis.png?size=50x50&set=set1
242,596,https://robohash.org/adipiscisapienteullam.png?size=50x50&set=set1
243,760,https://robohash.org/illoiureexcepturi.png?size=50x50&set=set1
244,630,https://robohash.org/perspiciatisquomolestiae.png?size=50x50&set=set1
245,98,https://robohash.org/estvelquis.png?size=50x50&set=set1
246,615,https://robohash.org/recusandaeeta.png?size=50x50&set=set1
247,208,https://robohash.org/eadolorerepellat.png?size=50x50&set=set1
248,121,https://robohash.org/eligendiautaliquid.png?size=50x50&set=set1
249,26,https://robohash.org/debitisquosunde.png?size=50x50&set=set1
250,519,https://robohash.org/aliquamtemporain.png?size=50x50&set=set1
251,356,https://robohash.org/eosquianulla.png?size=50x50&set=set1
252,54,https://robohash.org/nisidolorumnumquam.png?size=50x50&set=set1
253,663,https://robohash.org/eosvoluptatumvelit.png?size=50x50&set=set1
254,94,https://robohash.org/accusamuscumquenon.png?size=50x50&set=set1
255,396,https://robohash.org/perspiciatisetest.png?size=50x50&set=set1
256,172,https://robohash.org/illumdoloresut.png?size=50x50&set=set1
257,372,https://robohash.org/quibusdammagnamsaepe.png?size=50x50&set=set1
258,43,https://robohash.org/voluptatibusrerumquo.png?size=50x50&set=set1
259,430,https://robohash.org/quidistinctiovoluptatem.png?size=50x50&set=set1
260,758,https://robohash.org/facerevoluptassoluta.png?size=50x50&set=set1
261,387,https://robohash.org/quiaquiet.png?size=50x50&set=set1
262,425,https://robohash.org/suscipitpraesentiumsit.png?size=50x50&set=set1
263,971,https://robohash.org/nihiladipisciomnis.png?size=50x50&set=set1
264,54,https://robohash.org/asperioresquamnulla.png?size=50x50&set=set1
265,997,https://robohash.org/aliquamquiquia.png?size=50x50&set=set1
266,676,https://robohash.org/voluptatemaliquidnecessitatibus.png?size=50x50&set=set1
267,589,https://robohash.org/repellendusmolestiasminus.png?size=50x50&set=set1
268,694,https://robohash.org/quideminciduntquas.png?size=50x50&set=set1
269,141,https://robohash.org/veniamdoloribusqui.png?size=50x50&set=set1
270,850,https://robohash.org/facerenonimpedit.png?size=50x50&set=set1
271,434,https://robohash.org/nihilperspiciatiseum.png?size=50x50&set=set1
272,407,https://robohash.org/estrepellendusaut.png?size=50x50&set=set1
273,567,https://robohash.org/inetitaque.png?size=50x50&set=set1
274,26,https://robohash.org/excepturinonet.png?size=50x50&set=set1
275,103,https://robohash.org/exautcum.png?size=50x50&set=set1
276,765,https://robohash.org/autemremest.png?size=50x50&set=set1
277,587,https://robohash.org/porroeligendiarchitecto.png?size=50x50&set=set1
278,527,https://robohash.org/esteteveniet.png?size=50x50&set=set1
279,661,https://robohash.org/quiidomnis.png?size=50x50&set=set1
280,972,https://robohash.org/doloremqueestiusto.png?size=50x50&set=set1
281,790,https://robohash.org/quiaautid.png?size=50x50&set=set1
282,464,https://robohash.org/etnullaquis.png?size=50x50&set=set1
283,272,https://robohash.org/ipsamquodducimus.png?size=50x50&set=set1
284,206,https://robohash.org/solutaundedoloribus.png?size=50x50&set=set1
285,645,https://robohash.org/estoditrepellendus.png?size=50x50&set=set1
286,111,https://robohash.org/illumvelqui.png?size=50x50&set=set1
287,411,https://robohash.org/saepeutquia.png?size=50x50&set=set1
288,756,https://robohash.org/nonassumendavoluptatum.png?size=50x50&set=set1
289,735,https://robohash.org/recusandaeconsequaturnisi.png?size=50x50&set=set1
290,566,https://robohash.org/fugiatquinemo.png?size=50x50&set=set1
291,401,https://robohash.org/estetvoluptatum.png?size=50x50&set=set1
292,966,https://robohash.org/deseruntverolabore.png?size=50x50&set=set1
293,255,https://robohash.org/ablaborevel.png?size=50x50&set=set1
294,576,https://robohash.org/animinamest.png?size=50x50&set=set1
295,668,https://robohash.org/autvoluptatequaerat.png?size=50x50&set=set1
296,45,https://robohash.org/esseeumaut.png?size=50x50&set=set1
297,744,https://robohash.org/voluptatemetdolore.png?size=50x50&set=set1
298,750,https://robohash.org/doloremolestiaenon.png?size=50x50&set=set1
299,268,https://robohash.org/eaqueipsumnostrum.png?size=50x50&set=set1
300,920,https://robohash.org/placeatmollitiaesse.png?size=50x50&set=set1
301,859,https://robohash.org/voluptatibuseanobis.png?size=50x50&set=set1
302,351,https://robohash.org/nisiullamdolor.png?size=50x50&set=set1
303,611,https://robohash.org/odioconsequatursapiente.png?size=50x50&set=set1
304,755,https://robohash.org/itaquequiaaut.png?size=50x50&set=set1
305,110,https://robohash.org/quiconsequaturfugiat.png?size=50x50&set=set1
306,288,https://robohash.org/eaundeofficiis.png?size=50x50&set=set1
307,472,https://robohash.org/quisedperspiciatis.png?size=50x50&set=set1
308,984,https://robohash.org/providentautvoluptatem.png?size=50x50&set=set1
309,895,https://robohash.org/eoslaborumconsequatur.png?size=50x50&set=set1
310,566,https://robohash.org/erroroptioaliquam.png?size=50x50&set=set1
311,855,https://robohash.org/etiureut.png?size=50x50&set=set1
312,415,https://robohash.org/quibusdamestet.png?size=50x50&set=set1
313,787,https://robohash.org/asperioresundeerror.png?size=50x50&set=set1
314,930,https://robohash.org/sitinsequi.png?size=50x50&set=set1
315,758,https://robohash.org/similiquequasquia.png?size=50x50&set=set1
316,121,https://robohash.org/laudantiumaspernaturet.png?size=50x50&set=set1
317,677,https://robohash.org/velitquamquos.png?size=50x50&set=set1
318,128,https://robohash.org/eaqueblanditiisut.png?size=50x50&set=set1
319,978,https://robohash.org/adullamveniam.png?size=50x50&set=set1
320,732,https://robohash.org/consequaturestnon.png?size=50x50&set=set1
321,466,https://robohash.org/consequatursinteos.png?size=50x50&set=set1
322,158,https://robohash.org/laudantiumvoluptatessimilique.png?size=50x50&set=set1
323,133,https://robohash.org/ducimusenimdolorum.png?size=50x50&set=set1
324,675,https://robohash.org/perspiciatissintpariatur.png?size=50x50&set=set1
325,242,https://robohash.org/debitisdoloresut.png?size=50x50&set=set1
326,572,https://robohash.org/solutavoluptasexpedita.png?size=50x50&set=set1
327,674,https://robohash.org/consequaturabtemporibus.png?size=50x50&set=set1
328,714,https://robohash.org/iustoautmolestiae.png?size=50x50&set=set1
329,874,https://robohash.org/aliquaminoptio.png?size=50x50&set=set1
330,398,https://robohash.org/fugadelenitisint.png?size=50x50&set=set1
331,471,https://robohash.org/expeditarerumcommodi.png?size=50x50&set=set1
332,571,https://robohash.org/estsitiusto.png?size=50x50&set=set1
333,989,https://robohash.org/errorremquae.png?size=50x50&set=set1
334,732,https://robohash.org/etexplicabomolestiae.png?size=50x50&set=set1
335,150,https://robohash.org/itaquedoloribusnon.png?size=50x50&set=set1
336,274,https://robohash.org/harumomnisaccusantium.png?size=50x50&set=set1
337,247,https://robohash.org/eossitodit.png?size=50x50&set=set1
338,785,https://robohash.org/deseruntvoluptasplaceat.png?size=50x50&set=set1
339,992,https://robohash.org/minimaexqui.png?size=50x50&set=set1
340,251,https://robohash.org/blanditiiseosaut.png?size=50x50&set=set1
341,555,https://robohash.org/sintetvel.png?size=50x50&set=set1
342,237,https://robohash.org/placeatpraesentiumassumenda.png?size=50x50&set=set1
343,950,https://robohash.org/laborequoaspernatur.png?size=50x50&set=set1
344,238,https://robohash.org/consecteturestsapiente.png?size=50x50&set=set1
345,198,https://robohash.org/voluptatealiquamquisquam.png?size=50x50&set=set1
346,366,https://robohash.org/repudiandaeetporro.png?size=50x50&set=set1
347,832,https://robohash.org/eaitaqueest.png?size=50x50&set=set1
348,704,https://robohash.org/dolorculpaut.png?size=50x50&set=set1
349,439,https://robohash.org/voluptatemquidemconsequatur.png?size=50x50&set=set1
350,55,https://robohash.org/impeditfaceredistinctio.png?size=50x50&set=set1
351,322,https://robohash.org/dolorestemporanam.png?size=50x50&set=set1
352,156,https://robohash.org/rerumrerumet.png?size=50x50&set=set1
353,740,https://robohash.org/quidemexpeditalaboriosam.png?size=50x50&set=set1
354,938,https://robohash.org/voluptatemquaereprehenderit.png?size=50x50&set=set1
355,798,https://robohash.org/liberovoluptasdeserunt.png?size=50x50&set=set1
356,174,https://robohash.org/quamhicaliquid.png?size=50x50&set=set1
357,250,https://robohash.org/voluptatemeosneque.png?size=50x50&set=set1
358,948,https://robohash.org/fugaautquos.png?size=50x50&set=set1
359,452,https://robohash.org/quidemenimiusto.png?size=50x50&set=set1
360,369,https://robohash.org/voluptatesvoluptasvel.png?size=50x50&set=set1
361,287,https://robohash.org/aspernaturestsed.png?size=50x50&set=set1
362,545,https://robohash.org/adsuntomnis.png?size=50x50&set=set1
363,569,https://robohash.org/voluptatemvoluptatesatque.png?size=50x50&set=set1
364,376,https://robohash.org/minimaautdolorum.png?size=50x50&set=set1
365,118,https://robohash.org/nesciuntpraesentiumet.png?size=50x50&set=set1
366,279,https://robohash.org/adutquasi.png?size=50x50&set=set1
367,850,https://robohash.org/dignissimoslaboreaperiam.png?size=50x50&set=set1
368,355,https://robohash.org/autoptioaut.png?size=50x50&set=set1
369,271,https://robohash.org/porroeligendiquia.png?size=50x50&set=set1
370,283,https://robohash.org/quisquamblanditiisvoluptatum.png?size=50x50&set=set1
371,146,https://robohash.org/necessitatibusetculpa.png?size=50x50&set=set1
372,889,https://robohash.org/nonmagnameum.png?size=50x50&set=set1
373,37,https://robohash.org/quidoloribusfacilis.png?size=50x50&set=set1
374,512,https://robohash.org/etexpeditaquia.png?size=50x50&set=set1
375,236,https://robohash.org/explicaboexsed.png?size=50x50&set=set1
376,848,https://robohash.org/sapienteeumnesciunt.png?size=50x50&set=set1
377,90,https://robohash.org/earumdelectusreiciendis.png?size=50x50&set=set1
378,223,https://robohash.org/innequemolestias.png?size=50x50&set=set1
379,716,https://robohash.org/iniustout.png?size=50x50&set=set1
380,687,https://robohash.org/quivelpraesentium.png?size=50x50&set=set1
381,919,https://robohash.org/amaioresqui.png?size=50x50&set=set1
382,224,https://robohash.org/voluptatemmolestiaecupiditate.png?size=50x50&set=set1
383,429,https://robohash.org/adaspernaturpossimus.png?size=50x50&set=set1
384,348,https://robohash.org/similiquequiaqui.png?size=50x50&set=set1
385,384,https://robohash.org/pariaturnonipsam.png?size=50x50&set=set1
386,337,https://robohash.org/modiimpeditnihil.png?size=50x50&set=set1
387,602,https://robohash.org/quianostrumducimus.png?size=50x50&set=set1
388,752,https://robohash.org/animirepellatconsequatur.png?size=50x50&set=set1
389,764,https://robohash.org/atqueexest.png?size=50x50&set=set1
390,591,https://robohash.org/odioutest.png?size=50x50&set=set1
391,523,https://robohash.org/animieosmolestias.png?size=50x50&set=set1
392,17,https://robohash.org/eumnemoea.png?size=50x50&set=set1
393,53,https://robohash.org/repellendusipsasequi.png?size=50x50&set=set1
394,303,https://robohash.org/cumblanditiisrerum.png?size=50x50&set=set1
395,434,https://robohash.org/providentimpeditaperiam.png?size=50x50&set=set1
396,838,https://robohash.org/voluptatemdictaest.png?size=50x50&set=set1
397,694,https://robohash.org/doloremsuntsunt.png?size=50x50&set=set1
398,857,https://robohash.org/velquaeratat.png?size=50x50&set=set1
399,445,https://robohash.org/veniamquaeet.png?size=50x50&set=set1
400,642,https://robohash.org/nostrumautemquod.png?size=50x50&set=set1
401,738,https://robohash.org/ipsumestquidem.png?size=50x50&set=set1
402,510,https://robohash.org/dignissimosfugiatpossimus.png?size=50x50&set=set1
403,532,https://robohash.org/evenietcumcupiditate.png?size=50x50&set=set1
404,815,https://robohash.org/sintullamaut.png?size=50x50&set=set1
405,879,https://robohash.org/eoslaborumvel.png?size=50x50&set=set1
406,120,https://robohash.org/doloresoditunde.png?size=50x50&set=set1
407,52,https://robohash.org/temporadebitisvoluptas.png?size=50x50&set=set1
408,746,https://robohash.org/suntfugaenim.png?size=50x50&set=set1
409,334,https://robohash.org/facerelaudantiumeaque.png?size=50x50&set=set1
410,947,https://robohash.org/quibusdamaccusamusaut.png?size=50x50&set=set1
411,567,https://robohash.org/etdebitisdolor.png?size=50x50&set=set1
412,377,https://robohash.org/sitadin.png?size=50x50&set=set1
413,611,https://robohash.org/estofficiiscorporis.png?size=50x50&set=set1
414,109,https://robohash.org/sedutunde.png?size=50x50&set=set1
415,848,https://robohash.org/eosautveritatis.png?size=50x50&set=set1
416,223,https://robohash.org/voluptateestincidunt.png?size=50x50&set=set1
417,6,https://robohash.org/expeditavoluptateet.png?size=50x50&set=set1
418,883,https://robohash.org/laudantiumidvoluptatibus.png?size=50x50&set=set1
419,673,https://robohash.org/idcumquevoluptates.png?size=50x50&set=set1
420,791,https://robohash.org/auteosneque.png?size=50x50&set=set1
421,584,https://robohash.org/omnisconsequaturmaiores.png?size=50x50&set=set1
422,871,https://robohash.org/quiaarchitectosaepe.png?size=50x50&set=set1
423,502,https://robohash.org/accusamusvelab.png?size=50x50&set=set1
424,586,https://robohash.org/quamcorporiset.png?size=50x50&set=set1
425,74,https://robohash.org/dolorumconsequunturbeatae.png?size=50x50&set=set1
426,933,https://robohash.org/voluptatemeaipsum.png?size=50x50&set=set1
427,883,https://robohash.org/natusvoluptateut.png?size=50x50&set=set1
428,401,https://robohash.org/autperferendismolestias.png?size=50x50&set=set1
429,807,https://robohash.org/autnullaatque.png?size=50x50&set=set1
430,425,https://robohash.org/recusandaeexercitationemrerum.png?size=50x50&set=set1
431,384,https://robohash.org/beataeuta.png?size=50x50&set=set1
432,700,https://robohash.org/repellendusimpediterror.png?size=50x50&set=set1
433,19,https://robohash.org/eteta.png?size=50x50&set=set1
434,432,https://robohash.org/reprehenderitquodaliquam.png?size=50x50&set=set1
435,49,https://robohash.org/aperiammodiqui.png?size=50x50&set=set1
436,181,https://robohash.org/autanimialias.png?size=50x50&set=set1
437,166,https://robohash.org/necessitatibusexpeditadignissimos.png?size=50x50&set=set1
438,858,https://robohash.org/nonquasinobis.png?size=50x50&set=set1
439,731,https://robohash.org/dictafugaut.png?size=50x50&set=set1
440,781,https://robohash.org/oditinrerum.png?size=50x50&set=set1
441,904,https://robohash.org/ullamquiet.png?size=50x50&set=set1
442,261,https://robohash.org/utdoloremfacilis.png?size=50x50&set=set1
443,157,https://robohash.org/excepturiquisquia.png?size=50x50&set=set1
444,813,https://robohash.org/enimhiccorrupti.png?size=50x50&set=set1
445,145,https://robohash.org/utaliquamdicta.png?size=50x50&set=set1
446,540,https://robohash.org/distinctioquiconsequatur.png?size=50x50&set=set1
447,679,https://robohash.org/reprehenderitullampossimus.png?size=50x50&set=set1
448,587,https://robohash.org/necessitatibusimpeditomnis.png?size=50x50&set=set1
449,317,https://robohash.org/ullamsuscipitaut.png?size=50x50&set=set1
450,21,https://robohash.org/nemodolorequi.png?size=50x50&set=set1
451,104,https://robohash.org/accusantiumquaedistinctio.png?size=50x50&set=set1
452,776,https://robohash.org/inventoreculpatotam.png?size=50x50&set=set1
453,108,https://robohash.org/omnisaccusantiumodit.png?size=50x50&set=set1
454,731,https://robohash.org/accusantiummolestiaedignissimos.png?size=50x50&set=set1
455,226,https://robohash.org/etculpaexplicabo.png?size=50x50&set=set1
456,562,https://robohash.org/doloreofficiismolestias.png?size=50x50&set=set1
457,255,https://robohash.org/modieumenim.png?size=50x50&set=set1
458,102,https://robohash.org/corporisessealias.png?size=50x50&set=set1
459,32,https://robohash.org/laboriosaminventoreveniam.png?size=50x50&set=set1
460,992,https://robohash.org/solutaetducimus.png?size=50x50&set=set1
461,198,https://robohash.org/necessitatibusnumquamrepellat.png?size=50x50&set=set1
462,953,https://robohash.org/quisremlaborum.png?size=50x50&set=set1
463,290,https://robohash.org/sitvoluptatibusiusto.png?size=50x50&set=set1
464,568,https://robohash.org/voluptatesettempore.png?size=50x50&set=set1
465,712,https://robohash.org/quaerecusandaeet.png?size=50x50&set=set1
466,3,https://robohash.org/quaeratmolestiasfuga.png?size=50x50&set=set1
467,352,https://robohash.org/eaqueetenim.png?size=50x50&set=set1
468,77,https://robohash.org/numquamiustoin.png?size=50x50&set=set1
469,762,https://robohash.org/quoconsequaturvero.png?size=50x50&set=set1
470,14,https://robohash.org/laudantiumdoloremnatus.png?size=50x50&set=set1
471,253,https://robohash.org/recusandaenostrumasperiores.png?size=50x50&set=set1
472,987,https://robohash.org/expeditautnatus.png?size=50x50&set=set1
473,561,https://robohash.org/eosaliasaccusantium.png?size=50x50&set=set1
474,711,https://robohash.org/commodienimnam.png?size=50x50&set=set1
475,950,https://robohash.org/evenietrerumet.png?size=50x50&set=set1
476,831,https://robohash.org/iurequiiusto.png?size=50x50&set=set1
477,125,https://robohash.org/assumendaquiquo.png?size=50x50&set=set1
478,188,https://robohash.org/nonitaquequae.png?size=50x50&set=set1
479,797,https://robohash.org/expeditalaborumest.png?size=50x50&set=set1
480,65,https://robohash.org/delectussolutaaperiam.png?size=50x50&set=set1
481,457,https://robohash.org/adetvitae.png?size=50x50&set=set1
482,842,https://robohash.org/fugiatdignissimoscupiditate.png?size=50x50&set=set1
483,321,https://robohash.org/omnisdolorescum.png?size=50x50&set=set1
484,36,https://robohash.org/repellendusnesciuntfugiat.png?size=50x50&set=set1
485,159,https://robohash.org/idquasinventore.png?size=50x50&set=set1
486,342,https://robohash.org/teneturducimusautem.png?size=50x50&set=set1
487,58,https://robohash.org/laboreutdolorem.png?size=50x50&set=set1
488,668,https://robohash.org/etaccusantiumaliquid.png?size=50x50&set=set1
489,780,https://robohash.org/velutvoluptatibus.png?size=50x50&set=set1
490,702,https://robohash.org/temporasedprovident.png?size=50x50&set=set1
491,591,https://robohash.org/quiperferendisofficiis.png?size=50x50&set=set1
492,236,https://robohash.org/quaerateiusharum.png?size=50x50&set=set1
493,512,https://robohash.org/exercitationemundepariatur.png?size=50x50&set=set1
494,735,https://robohash.org/etquidemrepellendus.png?size=50x50&set=set1
495,5,https://robohash.org/nonpariatursequi.png?size=50x50&set=set1
496,786,https://robohash.org/sitdictavelit.png?size=50x50&set=set1
497,645,https://robohash.org/dolorbeataeipsum.png?size=50x50&set=set1
498,793,https://robohash.org/officiisipsamaut.png?size=50x50&set=set1
499,209,https://robohash.org/commodiaperiamquisquam.png?size=50x50&set=set1
500,604,https://robohash.org/utcumnon.png?size=50x50&set=set1
501,4,https://robohash.org/ipsameosquia.png?size=50x50&set=set1
502,954,https://robohash.org/quiquiaimpedit.png?size=50x50&set=set1
503,156,https://robohash.org/architectodeseruntet.png?size=50x50&set=set1
504,13,https://robohash.org/exercitationemvelitoptio.png?size=50x50&set=set1
505,946,https://robohash.org/quiomniseveniet.png?size=50x50&set=set1
506,255,https://robohash.org/aperiamfugadolorem.png?size=50x50&set=set1
507,255,https://robohash.org/harumetipsa.png?size=50x50&set=set1
508,319,https://robohash.org/estpossimusex.png?size=50x50&set=set1
509,291,https://robohash.org/autenimsed.png?size=50x50&set=set1
510,878,https://robohash.org/etillumvoluptate.png?size=50x50&set=set1
511,280,https://robohash.org/voluptatemeveniettenetur.png?size=50x50&set=set1
512,363,https://robohash.org/temporibuscumsunt.png?size=50x50&set=set1
513,131,https://robohash.org/deleniticupiditatevoluptas.png?size=50x50&set=set1
514,302,https://robohash.org/quiaidperferendis.png?size=50x50&set=set1
515,783,https://robohash.org/eaqueettemporibus.png?size=50x50&set=set1
516,263,https://robohash.org/liberovoluptatemofficiis.png?size=50x50&set=set1
517,719,https://robohash.org/autcumqueplaceat.png?size=50x50&set=set1
518,744,https://robohash.org/abomnisoccaecati.png?size=50x50&set=set1
519,834,https://robohash.org/ipsaquasvero.png?size=50x50&set=set1
520,136,https://robohash.org/officiaenimdolor.png?size=50x50&set=set1
521,772,https://robohash.org/maioresutvitae.png?size=50x50&set=set1
522,635,https://robohash.org/eumetut.png?size=50x50&set=set1
523,257,https://robohash.org/molestiasutomnis.png?size=50x50&set=set1
524,493,https://robohash.org/repellendusquofugit.png?size=50x50&set=set1
525,425,https://robohash.org/ididesse.png?size=50x50&set=set1
526,115,https://robohash.org/accusamuscorruptiet.png?size=50x50&set=set1
527,604,https://robohash.org/quoquiasint.png?size=50x50&set=set1
528,298,https://robohash.org/beataeofficiisconsequatur.png?size=50x50&set=set1
529,519,https://robohash.org/doloreutconsequuntur.png?size=50x50&set=set1
530,42,https://robohash.org/nequedoloresdolor.png?size=50x50&set=set1
531,143,https://robohash.org/quaeratquasidolorem.png?size=50x50&set=set1
532,173,https://robohash.org/odiorerumquo.png?size=50x50&set=set1
533,292,https://robohash.org/estsapienteexplicabo.png?size=50x50&set=set1
534,276,https://robohash.org/eligendiassumendaducimus.png?size=50x50&set=set1
535,263,https://robohash.org/quiautquia.png?size=50x50&set=set1
536,29,https://robohash.org/nobissedet.png?size=50x50&set=set1
537,202,https://robohash.org/sintullamenim.png?size=50x50&set=set1
538,529,https://robohash.org/providentautemfuga.png?size=50x50&set=set1
539,370,https://robohash.org/quasiteneturvelit.png?size=50x50&set=set1
540,117,https://robohash.org/nihilessequas.png?size=50x50&set=set1
541,63,https://robohash.org/istesequinatus.png?size=50x50&set=set1
542,268,https://robohash.org/nemominimaet.png?size=50x50&set=set1
543,201,https://robohash.org/dictaaliquidquod.png?size=50x50&set=set1
544,862,https://robohash.org/officiaearumtempora.png?size=50x50&set=set1
545,450,https://robohash.org/cumetvoluptatem.png?size=50x50&set=set1
546,861,https://robohash.org/exercitationemautdoloribus.png?size=50x50&set=set1
547,562,https://robohash.org/velpraesentiumaperiam.png?size=50x50&set=set1
548,932,https://robohash.org/oditquibusdaminventore.png?size=50x50&set=set1
549,996,https://robohash.org/delenitiaperiamnam.png?size=50x50&set=set1
550,357,https://robohash.org/fugiatquasiquae.png?size=50x50&set=set1
551,127,https://robohash.org/etdelenitiet.png?size=50x50&set=set1
552,997,https://robohash.org/aliasestquia.png?size=50x50&set=set1
553,759,https://robohash.org/nonnecessitatibusadipisci.png?size=50x50&set=set1
554,397,https://robohash.org/voluptatemculpaaut.png?size=50x50&set=set1
555,705,https://robohash.org/rationevoluptatesea.png?size=50x50&set=set1
556,580,https://robohash.org/facilisetat.png?size=50x50&set=set1
557,151,https://robohash.org/quiexplicabovelit.png?size=50x50&set=set1
558,685,https://robohash.org/impeditvoluptatemquisquam.png?size=50x50&set=set1
559,205,https://robohash.org/doloribusatnatus.png?size=50x50&set=set1
560,196,https://robohash.org/consequaturquiadipisci.png?size=50x50&set=set1
561,787,https://robohash.org/optioquismollitia.png?size=50x50&set=set1
562,495,https://robohash.org/accusamusrerumvel.png?size=50x50&set=set1
563,644,https://robohash.org/harumautemet.png?size=50x50&set=set1
564,820,https://robohash.org/utfugaminus.png?size=50x50&set=set1
565,57,https://robohash.org/autdebitisvoluptatem.png?size=50x50&set=set1
566,724,https://robohash.org/eanullaet.png?size=50x50&set=set1
567,701,https://robohash.org/temporeeaquenon.png?size=50x50&set=set1
568,41,https://robohash.org/providentutquia.png?size=50x50&set=set1
569,431,https://robohash.org/facilisasperioresquam.png?size=50x50&set=set1
570,624,https://robohash.org/laborefugitenim.png?size=50x50&set=set1
571,318,https://robohash.org/rerumquiautem.png?size=50x50&set=set1
572,827,https://robohash.org/temporadelectuscupiditate.png?size=50x50&set=set1
573,702,https://robohash.org/sedetassumenda.png?size=50x50&set=set1
574,925,https://robohash.org/ametautcumque.png?size=50x50&set=set1
575,230,https://robohash.org/doloremimpeditrerum.png?size=50x50&set=set1
576,428,https://robohash.org/nequemolestiaequo.png?size=50x50&set=set1
577,823,https://robohash.org/minimanamut.png?size=50x50&set=set1
578,549,https://robohash.org/inciduntdoloremquaerat.png?size=50x50&set=set1
579,472,https://robohash.org/saepedoloresfacere.png?size=50x50&set=set1
580,420,https://robohash.org/etfacerenulla.png?size=50x50&set=set1
581,928,https://robohash.org/nonautpossimus.png?size=50x50&set=set1
582,444,https://robohash.org/temporibusodiosequi.png?size=50x50&set=set1
583,822,https://robohash.org/distinctionesciuntcommodi.png?size=50x50&set=set1
584,212,https://robohash.org/suntsintat.png?size=50x50&set=set1
585,37,https://robohash.org/dolorvoluptatemet.png?size=50x50&set=set1
586,982,https://robohash.org/veroquiaipsam.png?size=50x50&set=set1
587,557,https://robohash.org/nemonequesit.png?size=50x50&set=set1
588,429,https://robohash.org/accusantiumsitaut.png?size=50x50&set=set1
589,678,https://robohash.org/velitprovidentautem.png?size=50x50&set=set1
590,279,https://robohash.org/estcorporisexercitationem.png?size=50x50&set=set1
591,523,https://robohash.org/dolorquisunde.png?size=50x50&set=set1
592,608,https://robohash.org/etnostrumest.png?size=50x50&set=set1
593,180,https://robohash.org/fugaaliasquod.png?size=50x50&set=set1
594,545,https://robohash.org/iureetaccusantium.png?size=50x50&set=set1
595,392,https://robohash.org/doloremvoluptatemin.png?size=50x50&set=set1
596,197,https://robohash.org/illumcorruptiexcepturi.png?size=50x50&set=set1
597,806,https://robohash.org/voluptasetest.png?size=50x50&set=set1
598,866,https://robohash.org/delenitisapientevoluptatum.png?size=50x50&set=set1
599,863,https://robohash.org/suntnecessitatibusnumquam.png?size=50x50&set=set1
600,294,https://robohash.org/aliquamtemporeodio.png?size=50x50&set=set1
601,218,https://robohash.org/repudiandaeestqui.png?size=50x50&set=set1
602,900,https://robohash.org/rerumidfugit.png?size=50x50&set=set1
603,854,https://robohash.org/utvelomnis.png?size=50x50&set=set1
604,850,https://robohash.org/etlaudantiumveniam.png?size=50x50&set=set1
605,995,https://robohash.org/nesciuntreprehenderitnihil.png?size=50x50&set=set1
606,136,https://robohash.org/aperiamvoluptasculpa.png?size=50x50&set=set1
607,51,https://robohash.org/suscipithicdeserunt.png?size=50x50&set=set1
608,905,https://robohash.org/idatqueminima.png?size=50x50&set=set1
609,221,https://robohash.org/dolorofficiainventore.png?size=50x50&set=set1
610,288,https://robohash.org/numquamplaceatin.png?size=50x50&set=set1
611,148,https://robohash.org/maximedoloresexplicabo.png?size=50x50&set=set1
612,597,https://robohash.org/veniamcorporisdoloribus.png?size=50x50&set=set1
613,323,https://robohash.org/sedreprehenderitvoluptatum.png?size=50x50&set=set1
614,623,https://robohash.org/explicaboquosneque.png?size=50x50&set=set1
615,725,https://robohash.org/etsaepeautem.png?size=50x50&set=set1
616,366,https://robohash.org/similiquenostrummodi.png?size=50x50&set=set1
617,490,https://robohash.org/aspernaturinnon.png?size=50x50&set=set1
618,230,https://robohash.org/autfugiatlaudantium.png?size=50x50&set=set1
619,255,https://robohash.org/inciduntdoloremqueet.png?size=50x50&set=set1
620,43,https://robohash.org/aliasvoluptatemquis.png?size=50x50&set=set1
621,656,https://robohash.org/providentutnam.png?size=50x50&set=set1
622,262,https://robohash.org/sedsintvoluptas.png?size=50x50&set=set1
623,579,https://robohash.org/vitaeexercitationemquibusdam.png?size=50x50&set=set1
624,840,https://robohash.org/sedeligendiquia.png?size=50x50&set=set1
625,936,https://robohash.org/utquisvel.png?size=50x50&set=set1
626,582,https://robohash.org/auteosunde.png?size=50x50&set=set1
627,472,https://robohash.org/rerumprovidentsint.png?size=50x50&set=set1
628,199,https://robohash.org/hicdoloreet.png?size=50x50&set=set1
629,199,https://robohash.org/laboriosamquisquod.png?size=50x50&set=set1
630,547,https://robohash.org/evenietarchitectovoluptas.png?size=50x50&set=set1
631,674,https://robohash.org/sintminimadignissimos.png?size=50x50&set=set1
632,31,https://robohash.org/natusvoluptatemomnis.png?size=50x50&set=set1
633,958,https://robohash.org/quoseaet.png?size=50x50&set=set1
634,111,https://robohash.org/aspernaturconsecteturqui.png?size=50x50&set=set1
635,942,https://robohash.org/adipisciestest.png?size=50x50&set=set1
636,858,https://robohash.org/accusantiumquisnon.png?size=50x50&set=set1
637,554,https://robohash.org/quidoloreculpa.png?size=50x50&set=set1
638,333,https://robohash.org/autminimatotam.png?size=50x50&set=set1
639,812,https://robohash.org/voluptateavoluptatibus.png?size=50x50&set=set1
640,442,https://robohash.org/nemoexercitationemaut.png?size=50x50&set=set1
641,942,https://robohash.org/sintrerumaliquam.png?size=50x50&set=set1
642,527,https://robohash.org/autadipiscipraesentium.png?size=50x50&set=set1
643,388,https://robohash.org/etetaut.png?size=50x50&set=set1
644,356,https://robohash.org/exnatusofficiis.png?size=50x50&set=set1
645,259,https://robohash.org/modiquiaquo.png?size=50x50&set=set1
646,799,https://robohash.org/autsequinesciunt.png?size=50x50&set=set1
647,829,https://robohash.org/asperioresmaximesed.png?size=50x50&set=set1
648,419,https://robohash.org/ducimusdolorvoluptates.png?size=50x50&set=set1
649,352,https://robohash.org/eteiusdolor.png?size=50x50&set=set1
650,433,https://robohash.org/voluptasofficiaquo.png?size=50x50&set=set1
651,204,https://robohash.org/quibusdamomnislaudantium.png?size=50x50&set=set1
652,696,https://robohash.org/natusutamet.png?size=50x50&set=set1
653,706,https://robohash.org/nesciuntquamautem.png?size=50x50&set=set1
654,973,https://robohash.org/optiomaioresquia.png?size=50x50&set=set1
655,578,https://robohash.org/suscipitmagnamerror.png?size=50x50&set=set1
656,930,https://robohash.org/ipsacommodiculpa.png?size=50x50&set=set1
657,332,https://robohash.org/sednumquamet.png?size=50x50&set=set1
658,790,https://robohash.org/velitautsint.png?size=50x50&set=set1
659,55,https://robohash.org/quidemdoloresdolorum.png?size=50x50&set=set1
660,257,https://robohash.org/quisquasivel.png?size=50x50&set=set1
661,189,https://robohash.org/aliquidquioptio.png?size=50x50&set=set1
662,529,https://robohash.org/placeatdelenitiquia.png?size=50x50&set=set1
663,421,https://robohash.org/molestiasnesciuntipsa.png?size=50x50&set=set1
664,713,https://robohash.org/voluptatumasperioresmagni.png?size=50x50&set=set1
665,922,https://robohash.org/suscipitperspiciatisexercitationem.png?size=50x50&set=set1
666,894,https://robohash.org/dignissimoscumqueenim.png?size=50x50&set=set1
667,858,https://robohash.org/aperiamanimisequi.png?size=50x50&set=set1
668,624,https://robohash.org/quosfugiatsint.png?size=50x50&set=set1
669,958,https://robohash.org/adipisciautemofficiis.png?size=50x50&set=set1
670,364,https://robohash.org/velitcumaut.png?size=50x50&set=set1
671,473,https://robohash.org/possimusnamvero.png?size=50x50&set=set1
672,440,https://robohash.org/nonquaecommodi.png?size=50x50&set=set1
673,413,https://robohash.org/essehicut.png?size=50x50&set=set1
674,802,https://robohash.org/corrupticonsequunturvoluptatem.png?size=50x50&set=set1
675,800,https://robohash.org/necessitatibusminusmolestias.png?size=50x50&set=set1
676,187,https://robohash.org/autdolorsed.png?size=50x50&set=set1
677,712,https://robohash.org/voluptatemharumsunt.png?size=50x50&set=set1
678,263,https://robohash.org/temporeiustolaboriosam.png?size=50x50&set=set1
679,643,https://robohash.org/doloresitaquedelectus.png?size=50x50&set=set1
680,79,https://robohash.org/autoccaecatiaut.png?size=50x50&set=set1
681,992,https://robohash.org/magniperferendisaut.png?size=50x50&set=set1
682,164,https://robohash.org/quiatvoluptatem.png?size=50x50&set=set1
683,907,https://robohash.org/debitissitcorporis.png?size=50x50&set=set1
684,682,https://robohash.org/estitaqueofficiis.png?size=50x50&set=set1
685,124,https://robohash.org/corruptiutdeleniti.png?size=50x50&set=set1
686,608,https://robohash.org/quiiustomodi.png?size=50x50&set=set1
687,366,https://robohash.org/utperferendisquisquam.png?size=50x50&set=set1
688,403,https://robohash.org/autemmagnamnumquam.png?size=50x50&set=set1
689,833,https://robohash.org/distinctioetnumquam.png?size=50x50&set=set1
690,620,https://robohash.org/etvoluptatumofficiis.png?size=50x50&set=set1
691,373,https://robohash.org/commodiofficiaveritatis.png?size=50x50&set=set1
692,847,https://robohash.org/commodifugabeatae.png?size=50x50&set=set1
693,119,https://robohash.org/laboremagnamconsequatur.png?size=50x50&set=set1
694,623,https://robohash.org/maioresearumdebitis.png?size=50x50&set=set1
695,255,https://robohash.org/inmodicum.png?size=50x50&set=set1
696,119,https://robohash.org/velitexnulla.png?size=50x50&set=set1
697,644,https://robohash.org/voluptatemmagnamdolor.png?size=50x50&set=set1
698,178,https://robohash.org/similiquequisdolore.png?size=50x50&set=set1
699,213,https://robohash.org/reprehenderiteiusnon.png?size=50x50&set=set1
700,766,https://robohash.org/consequaturetveniam.png?size=50x50&set=set1
701,469,https://robohash.org/isteetsequi.png?size=50x50&set=set1
702,291,https://robohash.org/consequaturetdolore.png?size=50x50&set=set1
703,547,https://robohash.org/quisdoloresut.png?size=50x50&set=set1
704,72,https://robohash.org/maximemaioresnatus.png?size=50x50&set=set1
705,118,https://robohash.org/etteneturanimi.png?size=50x50&set=set1
706,826,https://robohash.org/aperiamautemeius.png?size=50x50&set=set1
707,561,https://robohash.org/utmolestiasquis.png?size=50x50&set=set1
708,691,https://robohash.org/quodporrosaepe.png?size=50x50&set=set1
709,165,https://robohash.org/etipsamvel.png?size=50x50&set=set1
710,303,https://robohash.org/mollitiaaliquamcorporis.png?size=50x50&set=set1
711,160,https://robohash.org/quiveltotam.png?size=50x50&set=set1
712,164,https://robohash.org/atomnissed.png?size=50x50&set=set1
713,146,https://robohash.org/consequaturquianulla.png?size=50x50&set=set1
714,387,https://robohash.org/essedignissimosmolestiae.png?size=50x50&set=set1
715,710,https://robohash.org/nonaddoloribus.png?size=50x50&set=set1
716,539,https://robohash.org/architectoestipsam.png?size=50x50&set=set1
717,519,https://robohash.org/utmollitiatenetur.png?size=50x50&set=set1
718,499,https://robohash.org/asperioressedeos.png?size=50x50&set=set1
719,644,https://robohash.org/quiatemporavel.png?size=50x50&set=set1
720,691,https://robohash.org/veniamaccusamusbeatae.png?size=50x50&set=set1
721,772,https://robohash.org/voluptatibusillumconsequatur.png?size=50x50&set=set1
722,438,https://robohash.org/doloremdolorfuga.png?size=50x50&set=set1
723,590,https://robohash.org/perspiciatisillumet.png?size=50x50&set=set1
724,48,https://robohash.org/quamtemporelaborum.png?size=50x50&set=set1
725,972,https://robohash.org/autcupiditateaut.png?size=50x50&set=set1
726,575,https://robohash.org/modiitaqueut.png?size=50x50&set=set1
727,895,https://robohash.org/animiipsaut.png?size=50x50&set=set1
728,529,https://robohash.org/doloremdelenitihic.png?size=50x50&set=set1
729,894,https://robohash.org/natusmagnamaliquid.png?size=50x50&set=set1
730,150,https://robohash.org/quisipsamconsequatur.png?size=50x50&set=set1
731,191,https://robohash.org/doloremoditquis.png?size=50x50&set=set1
732,75,https://robohash.org/ametullamdolor.png?size=50x50&set=set1
733,35,https://robohash.org/enimrerumodit.png?size=50x50&set=set1
734,623,https://robohash.org/quiaenimest.png?size=50x50&set=set1
735,384,https://robohash.org/voluptasquioccaecati.png?size=50x50&set=set1
736,539,https://robohash.org/nihilestest.png?size=50x50&set=set1
737,738,https://robohash.org/accusantiumblanditiiseius.png?size=50x50&set=set1
738,899,https://robohash.org/estquitempora.png?size=50x50&set=set1
739,202,https://robohash.org/quoremitaque.png?size=50x50&set=set1
740,889,https://robohash.org/ipsumimpeditvoluptatem.png?size=50x50&set=set1
741,574,https://robohash.org/eosipsarepellat.png?size=50x50&set=set1
742,663,https://robohash.org/magnamearumid.png?size=50x50&set=set1
743,470,https://robohash.org/temporaautemearum.png?size=50x50&set=set1
744,869,https://robohash.org/doloresvitaeaccusantium.png?size=50x50&set=set1
745,970,https://robohash.org/quaeeteos.png?size=50x50&set=set1
746,550,https://robohash.org/sitetaut.png?size=50x50&set=set1
747,969,https://robohash.org/omnisquiconsequatur.png?size=50x50&set=set1
748,357,https://robohash.org/etnobisnam.png?size=50x50&set=set1
749,193,https://robohash.org/idexercitationemeum.png?size=50x50&set=set1
750,887,https://robohash.org/sapientequisquamrem.png?size=50x50&set=set1
751,351,https://robohash.org/corporissedin.png?size=50x50&set=set1
752,31,https://robohash.org/sitamollitia.png?size=50x50&set=set1
753,490,https://robohash.org/etquisquamnostrum.png?size=50x50&set=set1
754,16,https://robohash.org/sapienteetdelectus.png?size=50x50&set=set1
755,828,https://robohash.org/estvoluptatesipsa.png?size=50x50&set=set1
756,915,https://robohash.org/magnaminciduntomnis.png?size=50x50&set=set1
757,664,https://robohash.org/exevenietfugiat.png?size=50x50&set=set1
758,234,https://robohash.org/etnullasit.png?size=50x50&set=set1
759,946,https://robohash.org/auterroradipisci.png?size=50x50&set=set1
760,872,https://robohash.org/nemoametdeleniti.png?size=50x50&set=set1
761,32,https://robohash.org/suscipitcupiditatein.png?size=50x50&set=set1
762,89,https://robohash.org/exrecusandaeharum.png?size=50x50&set=set1
763,518,https://robohash.org/voluptatemidvoluptatem.png?size=50x50&set=set1
764,982,https://robohash.org/cumquedoloremquenon.png?size=50x50&set=set1
765,146,https://robohash.org/teneturcommodinecessitatibus.png?size=50x50&set=set1
766,540,https://robohash.org/dolorehicofficia.png?size=50x50&set=set1
767,471,https://robohash.org/similiqueeumquis.png?size=50x50&set=set1
768,778,https://robohash.org/dolorumestporro.png?size=50x50&set=set1
769,99,https://robohash.org/voluptasvelautem.png?size=50x50&set=set1
770,472,https://robohash.org/cumqueomnismolestias.png?size=50x50&set=set1
771,191,https://robohash.org/dignissimosquasnihil.png?size=50x50&set=set1
772,702,https://robohash.org/autsimiliqueeius.png?size=50x50&set=set1
773,483,https://robohash.org/nihilperferendisest.png?size=50x50&set=set1
774,769,https://robohash.org/cumvoluptatemconsequatur.png?size=50x50&set=set1
775,512,https://robohash.org/repellatquodrerum.png?size=50x50&set=set1
776,252,https://robohash.org/rationearchitectoaccusamus.png?size=50x50&set=set1
777,122,https://robohash.org/eteaveniam.png?size=50x50&set=set1
778,637,https://robohash.org/sitharumvero.png?size=50x50&set=set1
779,880,https://robohash.org/expeditaquiut.png?size=50x50&set=set1
780,57,https://robohash.org/etquiest.png?size=50x50&set=set1
781,589,https://robohash.org/necessitatibusminusaspernatur.png?size=50x50&set=set1
782,663,https://robohash.org/animieummaxime.png?size=50x50&set=set1
783,187,https://robohash.org/eligendicupiditatetenetur.png?size=50x50&set=set1
784,598,https://robohash.org/iddolorvoluptas.png?size=50x50&set=set1
785,726,https://robohash.org/distinctioexpeditanulla.png?size=50x50&set=set1
786,102,https://robohash.org/debitisdolorespossimus.png?size=50x50&set=set1
787,867,https://robohash.org/inventorearchitectoaut.png?size=50x50&set=set1
788,553,https://robohash.org/doloreprovidentodit.png?size=50x50&set=set1
789,518,https://robohash.org/laboreeumnihil.png?size=50x50&set=set1
790,960,https://robohash.org/abimpeditrerum.png?size=50x50&set=set1
791,49,https://robohash.org/totamsolutaea.png?size=50x50&set=set1
792,154,https://robohash.org/eiussimiliquequia.png?size=50x50&set=set1
793,845,https://robohash.org/laudantiumaccusamusquod.png?size=50x50&set=set1
794,70,https://robohash.org/eumminusconsectetur.png?size=50x50&set=set1
795,403,https://robohash.org/quiadolorestempora.png?size=50x50&set=set1
796,941,https://robohash.org/commodioccaecatiqui.png?size=50x50&set=set1
797,226,https://robohash.org/nonanimisunt.png?size=50x50&set=set1
798,811,https://robohash.org/quiducimushic.png?size=50x50&set=set1
799,410,https://robohash.org/quisautemqui.png?size=50x50&set=set1
800,850,https://robohash.org/etateaque.png?size=50x50&set=set1
801,744,https://robohash.org/verovoluptatumest.png?size=50x50&set=set1
802,866,https://robohash.org/maioresodioqui.png?size=50x50&set=set1
803,695,https://robohash.org/quamfugiatvoluptate.png?size=50x50&set=set1
804,968,https://robohash.org/nonbeataeerror.png?size=50x50&set=set1
805,277,https://robohash.org/autemnatusut.png?size=50x50&set=set1
806,900,https://robohash.org/quosquofugit.png?size=50x50&set=set1
807,551,https://robohash.org/quasautaut.png?size=50x50&set=set1
808,819,https://robohash.org/autvelquos.png?size=50x50&set=set1
809,910,https://robohash.org/doloremipsumvoluptate.png?size=50x50&set=set1
810,626,https://robohash.org/distinctiovoluptasconsequatur.png?size=50x50&set=set1
811,245,https://robohash.org/voluptasnatusatque.png?size=50x50&set=set1
812,579,https://robohash.org/rerumrecusandaemodi.png?size=50x50&set=set1
813,880,https://robohash.org/sedadqui.png?size=50x50&set=set1
814,223,https://robohash.org/inaearum.png?size=50x50&set=set1
815,806,https://robohash.org/extemporemaiores.png?size=50x50&set=set1
816,220,https://robohash.org/isteexplicabovoluptatem.png?size=50x50&set=set1
817,551,https://robohash.org/commodisimiliqueexpedita.png?size=50x50&set=set1
818,186,https://robohash.org/fugitsedet.png?size=50x50&set=set1
819,31,https://robohash.org/occaecatiquaerateaque.png?size=50x50&set=set1
820,665,https://robohash.org/delectusmollitianam.png?size=50x50&set=set1
821,709,https://robohash.org/doloremqueatquererum.png?size=50x50&set=set1
822,584,https://robohash.org/doloremquevoluptasfacere.png?size=50x50&set=set1
823,113,https://robohash.org/perspiciatisconsequunturadipisci.png?size=50x50&set=set1
824,697,https://robohash.org/architectoetqui.png?size=50x50&set=set1
825,418,https://robohash.org/consequunturnonet.png?size=50x50&set=set1
826,558,https://robohash.org/illumdistinctiosint.png?size=50x50&set=set1
827,840,https://robohash.org/rerumrecusandaeexercitationem.png?size=50x50&set=set1
828,711,https://robohash.org/quiquiquod.png?size=50x50&set=set1
829,820,https://robohash.org/harumadipisciillo.png?size=50x50&set=set1
830,330,https://robohash.org/sedoditblanditiis.png?size=50x50&set=set1
831,445,https://robohash.org/estquovoluptates.png?size=50x50&set=set1
832,730,https://robohash.org/blanditiiseosaut.png?size=50x50&set=set1
833,324,https://robohash.org/etautemincidunt.png?size=50x50&set=set1
834,527,https://robohash.org/pariaturquisquamvoluptas.png?size=50x50&set=set1
835,220,https://robohash.org/etmodineque.png?size=50x50&set=set1
836,35,https://robohash.org/natusasperioresat.png?size=50x50&set=set1
837,451,https://robohash.org/perferendisutqui.png?size=50x50&set=set1
838,200,https://robohash.org/veropossimusrerum.png?size=50x50&set=set1
839,957,https://robohash.org/earumminimaassumenda.png?size=50x50&set=set1
840,455,https://robohash.org/etquiased.png?size=50x50&set=set1
841,878,https://robohash.org/atinpariatur.png?size=50x50&set=set1
842,874,https://robohash.org/sapienteasperioresnon.png?size=50x50&set=set1
843,617,https://robohash.org/nihilsuntet.png?size=50x50&set=set1
844,492,https://robohash.org/saepedoloremqueiste.png?size=50x50&set=set1
845,226,https://robohash.org/molestiaeinventorequam.png?size=50x50&set=set1
846,202,https://robohash.org/voluptateadconsectetur.png?size=50x50&set=set1
847,118,https://robohash.org/estquamillo.png?size=50x50&set=set1
848,102,https://robohash.org/nonitaquenam.png?size=50x50&set=set1
849,587,https://robohash.org/quosquocorrupti.png?size=50x50&set=set1
850,662,https://robohash.org/repellendusetodio.png?size=50x50&set=set1
851,312,https://robohash.org/totamnecessitatibusaliquam.png?size=50x50&set=set1
852,782,https://robohash.org/reruminventorevoluptas.png?size=50x50&set=set1
853,55,https://robohash.org/quisquamnumquamsapiente.png?size=50x50&set=set1
854,459,https://robohash.org/adtemporenulla.png?size=50x50&set=set1
855,414,https://robohash.org/utautet.png?size=50x50&set=set1
856,831,https://robohash.org/debitisomnisexpedita.png?size=50x50&set=set1
857,701,https://robohash.org/utconsequaturtempora.png?size=50x50&set=set1
858,281,https://robohash.org/repellatremtempora.png?size=50x50&set=set1
859,728,https://robohash.org/evenietconsequaturet.png?size=50x50&set=set1
860,785,https://robohash.org/distinctiovoluptatesaut.png?size=50x50&set=set1
861,375,https://robohash.org/quoddelectusperspiciatis.png?size=50x50&set=set1
862,76,https://robohash.org/etrepellendusnon.png?size=50x50&set=set1
863,655,https://robohash.org/nonutconsequuntur.png?size=50x50&set=set1
864,189,https://robohash.org/velquiaqui.png?size=50x50&set=set1
865,901,https://robohash.org/repudiandaerecusandaeminus.png?size=50x50&set=set1
866,113,https://robohash.org/quiapariaturnihil.png?size=50x50&set=set1
867,376,https://robohash.org/deseruntipsaet.png?size=50x50&set=set1
868,951,https://robohash.org/quodminimalaboriosam.png?size=50x50&set=set1
869,924,https://robohash.org/magnieaea.png?size=50x50&set=set1
870,23,https://robohash.org/perferendisatquelaborum.png?size=50x50&set=set1
871,344,https://robohash.org/sedmolestiaeneque.png?size=50x50&set=set1
872,604,https://robohash.org/suntearumvoluptatem.png?size=50x50&set=set1
873,750,https://robohash.org/fugitvoluptatemesse.png?size=50x50&set=set1
874,461,https://robohash.org/voluptasetconsequuntur.png?size=50x50&set=set1
875,490,https://robohash.org/voluptatummollitiaaccusamus.png?size=50x50&set=set1
876,51,https://robohash.org/recusandaeomniseius.png?size=50x50&set=set1
877,376,https://robohash.org/nobisprovidenteligendi.png?size=50x50&set=set1
878,641,https://robohash.org/ducimusquiaassumenda.png?size=50x50&set=set1
879,507,https://robohash.org/occaecatidelenitianimi.png?size=50x50&set=set1
880,119,https://robohash.org/eumoccaecatianimi.png?size=50x50&set=set1
881,541,https://robohash.org/debitisblanditiisdolor.png?size=50x50&set=set1
882,48,https://robohash.org/quasisuntet.png?size=50x50&set=set1
883,796,https://robohash.org/fugiatsitducimus.png?size=50x50&set=set1
884,402,https://robohash.org/expeditaculpaodit.png?size=50x50&set=set1
885,2,https://robohash.org/saepeaccusamuscorporis.png?size=50x50&set=set1
886,969,https://robohash.org/repellatbeataealiquam.png?size=50x50&set=set1
887,946,https://robohash.org/laboreutrerum.png?size=50x50&set=set1
888,69,https://robohash.org/quisnostrumporro.png?size=50x50&set=set1
889,813,https://robohash.org/estsedsunt.png?size=50x50&set=set1
890,775,https://robohash.org/consequaturnecessitatibuset.png?size=50x50&set=set1
891,538,https://robohash.org/necessitatibusquaeratmagnam.png?size=50x50&set=set1
892,432,https://robohash.org/voluptasofficiismagni.png?size=50x50&set=set1
893,501,https://robohash.org/voluptatibusexpeditanemo.png?size=50x50&set=set1
894,609,https://robohash.org/doloremseditaque.png?size=50x50&set=set1
895,876,https://robohash.org/etdignissimosdolores.png?size=50x50&set=set1
896,294,https://robohash.org/verodolorquae.png?size=50x50&set=set1
897,392,https://robohash.org/maximelaborumaliquam.png?size=50x50&set=set1
898,134,https://robohash.org/etdolorqui.png?size=50x50&set=set1
899,904,https://robohash.org/omnisblanditiisreiciendis.png?size=50x50&set=set1
900,99,https://robohash.org/distinctioquonostrum.png?size=50x50&set=set1
901,968,https://robohash.org/etquiadolor.png?size=50x50&set=set1
902,950,https://robohash.org/sintexpeditavoluptates.png?size=50x50&set=set1
903,700,https://robohash.org/aliquidetporro.png?size=50x50&set=set1
904,572,https://robohash.org/asperioresillosit.png?size=50x50&set=set1
905,386,https://robohash.org/doloressuscipitsapiente.png?size=50x50&set=set1
906,826,https://robohash.org/repellendusvoluptatedebitis.png?size=50x50&set=set1
907,492,https://robohash.org/nameligenditemporibus.png?size=50x50&set=set1
908,5,https://robohash.org/temporecumfugit.png?size=50x50&set=set1
909,157,https://robohash.org/quiexpeditaomnis.png?size=50x50&set=set1
910,310,https://robohash.org/aexplicabotempore.png?size=50x50&set=set1
911,58,https://robohash.org/doloribusquicorrupti.png?size=50x50&set=set1
912,721,https://robohash.org/molestiaequiillo.png?size=50x50&set=set1
913,499,https://robohash.org/sednondistinctio.png?size=50x50&set=set1
914,805,https://robohash.org/omnisasperioresquos.png?size=50x50&set=set1
915,432,https://robohash.org/dolorvelitdoloribus.png?size=50x50&set=set1
916,787,https://robohash.org/eosquilabore.png?size=50x50&set=set1
917,781,https://robohash.org/nullanostrumerror.png?size=50x50&set=set1
918,769,https://robohash.org/adipisciquaeconsequuntur.png?size=50x50&set=set1
919,695,https://robohash.org/voluptatemdictaimpedit.png?size=50x50&set=set1
920,383,https://robohash.org/suscipittemporevelit.png?size=50x50&set=set1
921,148,https://robohash.org/temporibusnullaex.png?size=50x50&set=set1
922,414,https://robohash.org/delenitiporroculpa.png?size=50x50&set=set1
923,813,https://robohash.org/eumsapientenam.png?size=50x50&set=set1
924,77,https://robohash.org/ametnonblanditiis.png?size=50x50&set=set1
925,891,https://robohash.org/sintvelearum.png?size=50x50&set=set1
926,177,https://robohash.org/adipisciodionecessitatibus.png?size=50x50&set=set1
927,241,https://robohash.org/nonveniamsint.png?size=50x50&set=set1
928,388,https://robohash.org/aliasvelullam.png?size=50x50&set=set1
929,461,https://robohash.org/eligendiquisquae.png?size=50x50&set=set1
930,928,https://robohash.org/optioeosqui.png?size=50x50&set=set1
931,370,https://robohash.org/dictamodicorporis.png?size=50x50&set=set1
932,14,https://robohash.org/errorautmaxime.png?size=50x50&set=set1
933,857,https://robohash.org/omnisharumeveniet.png?size=50x50&set=set1
934,26,https://robohash.org/optionecessitatibusnon.png?size=50x50&set=set1
935,808,https://robohash.org/nonetcupiditate.png?size=50x50&set=set1
936,389,https://robohash.org/eligendisuscipitiure.png?size=50x50&set=set1
937,943,https://robohash.org/iustoquiut.png?size=50x50&set=set1
938,449,https://robohash.org/iustoeaqueexcepturi.png?size=50x50&set=set1
939,594,https://robohash.org/eumexpeditavel.png?size=50x50&set=set1
940,649,https://robohash.org/solutarerumlaborum.png?size=50x50&set=set1
941,332,https://robohash.org/aliasnecessitatibuspraesentium.png?size=50x50&set=set1
942,667,https://robohash.org/fugiatetqui.png?size=50x50&set=set1
943,946,https://robohash.org/maximeidsit.png?size=50x50&set=set1
944,982,https://robohash.org/consequaturilloinventore.png?size=50x50&set=set1
945,329,https://robohash.org/eumipsamqui.png?size=50x50&set=set1
946,912,https://robohash.org/excepturimolestiaesimilique.png?size=50x50&set=set1
947,989,https://robohash.org/possimusexea.png?size=50x50&set=set1
948,788,https://robohash.org/blanditiiseaquesunt.png?size=50x50&set=set1
949,250,https://robohash.org/estquibusdamvoluptatem.png?size=50x50&set=set1
950,228,https://robohash.org/animiquistempore.png?size=50x50&set=set1
951,790,https://robohash.org/nihilofficiiseos.png?size=50x50&set=set1
952,36,https://robohash.org/aliquidutex.png?size=50x50&set=set1
953,981,https://robohash.org/dolorenimnam.png?size=50x50&set=set1
954,742,https://robohash.org/sedvoluptasnobis.png?size=50x50&set=set1
955,695,https://robohash.org/impedittemporibusquis.png?size=50x50&set=set1
956,849,https://robohash.org/etetvoluptas.png?size=50x50&set=set1
957,688,https://robohash.org/eligendiidconsequuntur.png?size=50x50&set=set1
958,91,https://robohash.org/molestiasnonvitae.png?size=50x50&set=set1
959,964,https://robohash.org/voluptatemnoncorporis.png?size=50x50&set=set1
960,342,https://robohash.org/accusamusveritatismaxime.png?size=50x50&set=set1
961,427,https://robohash.org/nihildelectusasperiores.png?size=50x50&set=set1
962,515,https://robohash.org/rerumporrovel.png?size=50x50&set=set1
963,518,https://robohash.org/dignissimosomniseaque.png?size=50x50&set=set1
964,778,https://robohash.org/quiauteos.png?size=50x50&set=set1
965,976,https://robohash.org/aspernaturutmolestias.png?size=50x50&set=set1
966,374,https://robohash.org/quamvoluptasvoluptas.png?size=50x50&set=set1
967,548,https://robohash.org/utbeataedoloremque.png?size=50x50&set=set1
968,221,https://robohash.org/doloribusfugitesse.png?size=50x50&set=set1
969,554,https://robohash.org/excepturiestadipisci.png?size=50x50&set=set1
970,45,https://robohash.org/similiqueetnon.png?size=50x50&set=set1
971,966,https://robohash.org/abexdebitis.png?size=50x50&set=set1
972,182,https://robohash.org/necessitatibusevenietharum.png?size=50x50&set=set1
973,101,https://robohash.org/repellatlaudantiumsunt.png?size=50x50&set=set1
974,985,https://robohash.org/eumrempossimus.png?size=50x50&set=set1
975,673,https://robohash.org/autaliquidplaceat.png?size=50x50&set=set1
976,280,https://robohash.org/exercitationemaperiamnihil.png?size=50x50&set=set1
977,690,https://robohash.org/odiocorruptinostrum.png?size=50x50&set=set1
978,533,https://robohash.org/aperiamquasivoluptatem.png?size=50x50&set=set1
979,161,https://robohash.org/aliquidquisimpedit.png?size=50x50&set=set1
980,517,https://robohash.org/omnisetea.png?size=50x50&set=set1
981,924,https://robohash.org/nequemolestiaequos.png?size=50x50&set=set1
982,627,https://robohash.org/estlaborumofficiis.png?size=50x50&set=set1
983,274,https://robohash.org/molestiaeaspernaturrerum.png?size=50x50&set=set1
984,436,https://robohash.org/reprehenderitnecessitatibusconsequatur.png?size=50x50&set=set1
985,686,https://robohash.org/illumsintdeleniti.png?size=50x50&set=set1
986,161,https://robohash.org/voluptatemperferendissit.png?size=50x50&set=set1
987,870,https://robohash.org/expeditatemporeet.png?size=50x50&set=set1
988,697,https://robohash.org/exdoloresaut.png?size=50x50&set=set1
989,187,https://robohash.org/voluptatumeiusaliquam.png?size=50x50&set=set1
990,2,https://robohash.org/nonbeataeet.png?size=50x50&set=set1
991,93,https://robohash.org/beataedelectusincidunt.png?size=50x50&set=set1
992,998,https://robohash.org/autvelaliquid.png?size=50x50&set=set1
993,726,https://robohash.org/quieiusaliquam.png?size=50x50&set=set1
994,223,https://robohash.org/velvoluptaset.png?size=50x50&set=set1
995,7,https://robohash.org/earumestsimilique.png?size=50x50&set=set1
996,662,https://robohash.org/utsitqui.png?size=50x50&set=set1
997,61,https://robohash.org/cumdeseruntvelit.png?size=50x50&set=set1
998,96,https://robohash.org/voluptasfugiatnecessitatibus.png?size=50x50&set=set1
999,506,https://robohash.org/fugitsaepeid.png?size=50x50&set=set1
1000,657,https://robohash.org/sedbeataenumquam.png?size=50x50&set=set1
